{
  "analysis_metadata": {
    "start_time": "2025-09-30T10:19:48.338420",
    "total_runtime": 91.12101006507874,
    "analysis_type": "comprehensive_season"
  },
  "overall_performance": {
    "total_predictions": 119,
    "correct_predictions": 16,
    "overall_accuracy": 0.13445378151260504,
    "weeks_analyzed": [
      1,
      2,
      3,
      4,
      5,
      6,
      7,
      8
    ],
    "total_weeks": 8
  },
  "weekly_performance": {
    "1": {
      "games": 16,
      "accuracy": 0.125,
      "avg_confidence": 0.55,
      "processing_time": 0
    },
    "2": {
      "games": 16,
      "accuracy": 0.25,
      "avg_confidence": 0.49915625,
      "processing_time": 0
    },
    "3": {
      "games": 16,
      "accuracy": 0.0625,
      "avg_confidence": 0.499325,
      "processing_time": 0
    },
    "4": {
      "games": 15,
      "accuracy": 0.06666666666666667,
      "avg_confidence": 0.5327933333333333,
      "processing_time": 0
    },
    "5": {
      "games": 14,
      "accuracy": 0.21428571428571427,
      "avg_confidence": 0.5706571428571429,
      "processing_time": 0
    },
    "6": {
      "games": 14,
      "accuracy": 0.07142857142857142,
      "avg_confidence": 0.6274142857142858,
      "processing_time": 0
    },
    "7": {
      "games": 14,
      "accuracy": 0.2857142857142857,
      "avg_confidence": 0.39942142857142865,
      "processing_time": 0
    },
    "8": {
      "games": 14,
      "accuracy": 0.0,
      "avg_confidence": 0.7381642857142857,
      "processing_time": 0
    }
  },
  "expert_progression": {
    "learning_curve": [],
    "confidence_evolution": [
      0.8,
      0.8,
      0,
      0.8,
      0,
      0,
      0.8,
      0.8,
      0.8,
      0.8,
      0.8,
      0.8,
      0,
      0,
      0.8,
      0.8,
      0.8,
      0,
      0,
      0.7919,
      0.7946,
      0.8,
      0.8,
      0.8,
      0,
      0.8,
      0,
      0.8,
      0.8,
      0.8,
      0,
      0,
      0.8,
      0,
      0,
      0.8,
      0.8,
      0,
      0,
      0.8,
      0.7946,
      0.8,
      0,
      0.8,
      0.8,
      0,
      0.7946,
      0.8,
      0.8,
      0.8,
      0.8,
      0,
      0,
      0.8,
      0.8,
      0.8,
      0,
      0,
      0,
      0.8,
      0.7919,
      0.8,
      0.8,
      0.8,
      0.8,
      0,
      0.8,
      0.7946,
      0,
      0.8,
      0.7946,
      0.8,
      0.8,
      0,
      0.8,
      0,
      0.8,
      0,
      0.8,
      0.8,
      0,
      0.8,
      0.8,
      0.8,
      0.7919,
      0.8,
      0.7919,
      0.8,
      0.8,
      0,
      0.8,
      0.8,
      0.8,
      0,
      0.8,
      0.8,
      0,
      0,
      0,
      0.7919,
      0.8,
      0,
      0.8,
      0,
      0,
      0.8,
      0.7946,
      0,
      0.8,
      0.7919,
      0.7946,
      0.7775,
      0.7946,
      0.7946,
      0.8,
      0.8,
      0.8,
      0.7946,
      0.7919
    ],
    "accuracy_by_week": {
      "1": 0.125,
      "2": 0.25,
      "3": 0.0625,
      "4": 0.06666666666666667,
      "5": 0.21428571428571427,
      "6": 0.07142857142857142,
      "7": 0.2857142857142857,
      "8": 0.0
    }
  },
  "timing_analysis": {
    "database_connection": {
      "duration": 0.2122504711151123,
      "timestamp": 1759241988.5507033,
      "details": {
        "url": "https://vaypgzvivahnfegnlinn.s...",
        "test_query_success": true
      }
    },
    "services_initialization": {
      "duration": 6.127357482910156e-05,
      "timestamp": 1759241988.5508366,
      "details": {}
    },
    "expert_initialization": {
      "duration": 0.00018978118896484375,
      "timestamp": 1759241988.55105,
      "details": {
        "memory_enabled": false,
        "expert_id": "conservative_analyzer",
        "expert_name": "The Analyst"
      }
    },
    "total_setup": {
      "duration": 0.2126312255859375,
      "timestamp": 1759241988.5510826,
      "details": {}
    },
    "comprehensive_season_backtest": {
      "duration": 90.90793347358704,
      "timestamp": 1759242079.4590414,
      "details": {
        "total_games": 119,
        "overall_accuracy": 0.13445378151260504,
        "correct_winners": 0,
        "weeks_processed": 8
      }
    }
  },
  "error_analysis": {
    "total_errors": 0,
    "error_types": {},
    "error_details": []
  },
  "prediction_details": [
    {
      "game_number": 1,
      "week": 1,
      "matchup": "HOU@KC",
      "prediction": "away",
      "actual_winner": "KC",
      "correct": null,
      "confidence": 0.8,
      "cumulative_accuracy": 0.0
    },
    {
      "game_number": 2,
      "week": 1,
      "matchup": "ARI@SF",
      "prediction": "away",
      "actual_winner": "ARI",
      "correct": null,
      "confidence": 0.8,
      "cumulative_accuracy": 0.0
    },
    {
      "game_number": 3,
      "week": 1,
      "matchup": "CHI@DET",
      "prediction": null,
      "actual_winner": "CHI",
      "correct": false,
      "confidence": 0,
      "cumulative_accuracy": 0.0
    },
    {
      "game_number": 4,
      "week": 1,
      "matchup": "CLE@BAL",
      "prediction": "away",
      "actual_winner": "BAL",
      "correct": null,
      "confidence": 0.8,
      "cumulative_accuracy": 0.0
    },
    {
      "game_number": 5,
      "week": 1,
      "matchup": "DAL@LA",
      "prediction": null,
      "actual_winner": "LA",
      "correct": true,
      "confidence": 0,
      "cumulative_accuracy": 0.2
    },
    {
      "game_number": 6,
      "week": 1,
      "matchup": "GB@MIN",
      "prediction": null,
      "actual_winner": "GB",
      "correct": false,
      "confidence": 0,
      "cumulative_accuracy": 0.16666666666666666
    },
    {
      "game_number": 7,
      "week": 1,
      "matchup": "IND@JAX",
      "prediction": "away",
      "actual_winner": "JAX",
      "correct": null,
      "confidence": 0.8,
      "cumulative_accuracy": 0.14285714285714285
    },
    {
      "game_number": 8,
      "week": 1,
      "matchup": "LAC@CIN",
      "prediction": "away",
      "actual_winner": "LAC",
      "correct": null,
      "confidence": 0.8,
      "cumulative_accuracy": 0.125
    },
    {
      "game_number": 9,
      "week": 1,
      "matchup": "LV@CAR",
      "prediction": "away",
      "actual_winner": "LV",
      "correct": null,
      "confidence": 0.8,
      "cumulative_accuracy": 0.1111111111111111
    },
    {
      "game_number": 10,
      "week": 1,
      "matchup": "MIA@NE",
      "prediction": "away",
      "actual_winner": "NE",
      "correct": null,
      "confidence": 0.8,
      "cumulative_accuracy": 0.1
    },
    {
      "game_number": 11,
      "week": 1,
      "matchup": "NYJ@BUF",
      "prediction": "away",
      "actual_winner": "BUF",
      "correct": null,
      "confidence": 0.8,
      "cumulative_accuracy": 0.09090909090909091
    },
    {
      "game_number": 12,
      "week": 1,
      "matchup": "PHI@WAS",
      "prediction": "away",
      "actual_winner": "WAS",
      "correct": null,
      "confidence": 0.8,
      "cumulative_accuracy": 0.08333333333333333
    },
    {
      "game_number": 13,
      "week": 1,
      "matchup": "SEA@ATL",
      "prediction": null,
      "actual_winner": "SEA",
      "correct": false,
      "confidence": 0,
      "cumulative_accuracy": 0.07692307692307693
    },
    {
      "game_number": 14,
      "week": 1,
      "matchup": "TB@NO",
      "prediction": null,
      "actual_winner": "NO",
      "correct": true,
      "confidence": 0,
      "cumulative_accuracy": 0.14285714285714285
    },
    {
      "game_number": 15,
      "week": 1,
      "matchup": "PIT@NYG",
      "prediction": "away",
      "actual_winner": "PIT",
      "correct": null,
      "confidence": 0.8,
      "cumulative_accuracy": 0.13333333333333333
    },
    {
      "game_number": 16,
      "week": 1,
      "matchup": "TEN@DEN",
      "prediction": "away",
      "actual_winner": "TEN",
      "correct": null,
      "confidence": 0.8,